{"train/global_step":26,"_timestamp":1.759597819488113e+09,"_runtime":14,"train/loss":3.6183,"train/learning_rate":0.00038461538461538467,"train_runtime":6.7564,"train_steps_per_second":3.848,"test/steps_per_second":10.566,"train_loss":3.6183110750638523,"test/samples_per_second":137.354,"train/epoch":1,"test/loss":2.9614663124084473,"train_samples_per_second":60.535,"total_flos":1.294684687908864e+15,"test/accuracy":0.057692307692307696,"test/runtime":0.3786,"_step":2,"_wandb":{"runtime":14},"train/grad_norm":2.1664531230926514}